Stack,Peptide,Typical vial size,Peptide Sciences ($),Core Peptides ($),Limitless Life ($),Paradigm Peptides ($),Swiss Chems ($),Amino Asylum ($),Best price ($),Best vendor,$ per mg ($),Last checked (date),Notes
Healing / recovery,BPC-157,5 mg,,,,,,,,,,,"Compare same purity; check BAC water included or separate."
Healing / recovery,TB-500,5 mg,,,,,,,,,,,Often sold as TB-500 or Thymosin Beta-4.
GH secretagogue,Ipamorelin,5 mg,,,,,,,,,,,Pair timing with CJC if using together.
GH secretagogue,CJC-1295 (no DAC),2 mg,,,,,,,,,,,Also listed as Mod GRF 1-29 in some catalogs.
GH secretagogue,CJC-1295 + Ipamorelin blend,5 mg/5 mg,,,,,,,,,,,Single vial blend — compare to buying separately.
Metabolic / cosmetic,AOD-9604,5 mg,,,,,,,,,,,
Metabolic / cosmetic,Fragment 176-191,5 mg,,,,,,,,,,,
Mitochondrial / metabolic,MOTS-C,10 mg,,,,,,,,,,,
Copper peptide,GHK-Cu,50 mg,,,,,,,,,,,Often priced per mg; confirm total peptide mass.
Cognitive / nootropic,Semax,5 mg,,,,,,,,,,,Spray vs vial forms differ — normalize units before comparing.
Longevity,Epithalon,10 mg,,,,,,,,,,,
,,,,,,,,,,,,,
SUMMARY — stack totals (fill after entering row prices),,,,,,,,,,,,,"Enter =SUM() in Excel for each vendor column above, or add manually per stack."
